{
    "AI": {
        "abstract": 0.14292929292929293,
        "introduction": 0.5323232323232323,
        "methods": 0.06792929292929292,
        "results": 0.09292929292929293,
        "discussion": 0.1638888888888889
    },
    "BIO": {
        "abstract": 0.19058626673277143,
        "introduction": 0.2627045116509668,
        "methods": 0.05236117997025285,
        "results": 0.18557263262270698,
        "discussion": 0.3087754090233019
    },
    "CS": {
        "abstract": 0.14378220441040018,
        "introduction": 0.546083154008647,
        "methods": 0.07304601899196493,
        "results": 0.08976763469093638,
        "discussion": 0.14732098789805145
    }
}
