{
    "AI": {
        "discussion": [
            0.1675041913986206,
            0.05025125667452812,
            0.06700167804956436,
            0.030150754377245903,
            0.043551087379455566,
            0.05862646549940109,
            0.030150754377245903,
            0.02847571112215519,
            0.038525961339473724,
            0.01675041951239109,
            0.05695142224431038,
            0.051926299929618835,
            0.038525961339473724,
            0.05025125667452812,
            0.04857621341943741,
            0.06532663106918335,
            0.04857621341943741,
            0.04522613063454628,
            0.04522613063454628,
            0.018425460904836655
        ],
        "results": [
            0.05524861812591553,
            0.03038674034178257,
            0.041436463594436646,
            0.0441988967359066,
            0.024861877784132957,
            0.05248618870973587,
            0.03867403417825699,
            0.041436463594436646,
            0.06077348068356514,
            0.049723755568265915,
            0.049723755568265915,
            0.049723755568265915,
            0.03867403417825699,
            0.07182320207357407,
            0.04696132615208626,
            0.03867403417825699,
            0.08011049777269363,
            0.07458563894033432,
            0.05524861812591553,
            0.05524861812591553
        ],
        "introduction": [
            0.07115568220615387,
            0.11461318284273148,
            0.09455587714910507,
            0.07449856400489807,
            0.05062082037329674,
            0.04345749691128731,
            0.029130849987268448,
            0.043935053050518036,
            0.04584527388215065,
            0.03533906489610672,
            0.04202483221888542,
            0.037726838141679764,
            0.03581661731004715,
            0.03820439428091049,
            0.036771729588508606,
            0.037249282002449036,
            0.037249282002449036,
            0.03581661731004715,
            0.044412609189748764,
            0.051575932651758194
        ],
        "methods": [
            0.25390625,
            0.0546875,
            0.0703125,
            0.0390625,
            0.0390625,
            0.04296875,
            0.04296875,
            0.015625,
            0.02734375,
            0.0546875,
            0.0390625,
            0.0546875,
            0.015625,
            0.00390625,
            0.0234375,
            0.05859375,
            0.02734375,
            0.02734375,
            0.05859375,
            0.05078125
        ],
        "abstract": [
            0.1393129825592041,
            0.022900763899087906,
            0.04770992323756218,
            0.03244274854660034,
            0.04770992323756218,
            0.08015266805887222,
            0.024809161201119423,
            0.03435114398598671,
            0.07633587718009949,
            0.030534351244568825,
            0.07061068713665009,
            0.08206106722354889,
            0.04007633402943611,
            0.04580152779817581,
            0.04007633402943611,
            0.05534351244568825,
            0.04580152779817581,
            0.049618322402238846,
            0.03435114398598671,
            0.0
        ]
    },
    "BIO": {
        "discussion": [
            0.1188359260559082,
            0.06579026579856873,
            0.06043151021003723,
            0.04640240967273712,
            0.048449572175741196,
            0.049834419041872025,
            0.04692423343658447,
            0.04150526970624924,
            0.0448770709335804,
            0.037310585379600525,
            0.04714500904083252,
            0.04481685906648636,
            0.03825388848781586,
            0.04389362782239914,
            0.03937782347202301,
            0.04423482343554497,
            0.04951329529285431,
            0.051921725273132324,
            0.05350727587938309,
            0.026974409818649292
        ],
        "results": [
            0.061512771993875504,
            0.038370344787836075,
            0.04261145368218422,
            0.04014025628566742,
            0.044581733644008636,
            0.05346468463540077,
            0.04775421693921089,
            0.046418432146310806,
            0.05009183660149574,
            0.043646685779094696,
            0.05540157109498978,
            0.05373184010386467,
            0.04895642027258873,
            0.054900649935007095,
            0.04925697296857834,
            0.05570212006568909,
            0.05840707942843437,
            0.05209551006555557,
            0.054934047162532806,
            0.04802137240767479
        ],
        "abstract": [
            0.11818063259124756,
            0.04085095226764679,
            0.05331506207585335,
            0.03775123879313469,
            0.03944792598485947,
            0.06036283075809479,
            0.037229184061288834,
            0.033052727580070496,
            0.050867918878793716,
            0.020360218361020088,
            0.06418037414550781,
            0.059416599571704865,
            0.03709866851568222,
            0.056708432734012604,
            0.034096840769052505,
            0.05749151483178139,
            0.0718480795621872,
            0.05683894455432892,
            0.06391934305429459,
            0.006982510909438133
        ],
        "introduction": [
            0.08278091251850128,
            0.06579536944627762,
            0.06374295055866241,
            0.06001557037234306,
            0.062374673783779144,
            0.06374295055866241,
            0.051050979644060135,
            0.044634222984313965,
            0.04373776167631149,
            0.03564603999257088,
            0.043454669415950775,
            0.039632923901081085,
            0.03666045516729355,
            0.03909033164381981,
            0.036070678383111954,
            0.04166175052523613,
            0.04628559201955795,
            0.04612045735120773,
            0.05683078244328499,
            0.04067092761397362
        ],
        "methods": [
            0.28093764185905457,
            0.039623986929655075,
            0.03855307027697563,
            0.03510233387351036,
            0.03938600793480873,
            0.0411708727478981,
            0.03914802521467209,
            0.03474535793066025,
            0.04093289002776146,
            0.029628748074173927,
            0.0445026196539402,
            0.0395049974322319,
            0.03748214989900589,
            0.041527844965457916,
            0.040456924587488174,
            0.04176582396030426,
            0.046644456684589386,
            0.03843408077955246,
            0.03331746906042099,
            0.01713469810783863
        ]
    },
    "CS": {
        "introduction": [
            0.0655718445777893,
            0.08597096800804138,
            0.08738092333078384,
            0.07372426241636276,
            0.061134107410907745,
            0.05441875755786896,
            0.047848016023635864,
            0.04237992689013481,
            0.041693028062582016,
            0.03749028220772743,
            0.03865620493888855,
            0.03721914067864418,
            0.03578207269310951,
            0.03766201063990593,
            0.03580014780163765,
            0.0378427729010582,
            0.03903580829501152,
            0.04222628101706505,
            0.04773051664233208,
            0.050432927906513214
        ],