{
  "AI": {
    "abstract": [
      0.13225806451612904,
      0.02258064516129032,
      0.03870967741935485,
      0.032258064516129024,
      0.03870967741935485,
      0.05967741935483872,
      0.046774193548387105,
      0.03387096774193545,
      0.07580645161290325,
      0.024193548387096777,
      0.0677419354838709,
      0.05967741935483879,
      0.0709677419354838,
      0.035483870967741984,
      0.05322580645161286,
      0.05322580645161286,
      0.05806451612903233,
      0.05483870967741931,
      0.03870967741935489,
      0.0032258064516129
    ],
    "introduction": [
      0.13225806451612904,
      0.02258064516129032,
      0.03870967741935485,
      0.032258064516129024,
      0.03870967741935485,
      0.05967741935483872,
      0.046774193548387105,
      0.03387096774193545,
      0.07580645161290325,
      0.024193548387096777,
      0.0677419354838709,
      0.05967741935483879,
      0.0709677419354838,
      0.035483870967741984,
      0.05322580645161286,
      0.05322580645161286,
      0.05806451612903233,
      0.05483870967741931,
      0.03870967741935489,
      0.0032258064516129
    ],
    "methods": [
      0.13225806451612904,
      0.02258064516129032,
      0.03870967741935485,
      0.032258064516129024,
      0.03870967741935485,
      0.05967741935483872,
      0.046774193548387105,
      0.03387096774193545,
      0.07580645161290325,
      0.024193548387096777,
      0.0677419354838709,
      0.05967741935483879,
      0.0709677419354838,
      0.035483870967741984,
      0.05322580645161286,
      0.05322580645161286,
      0.05806451612903233,
      0.05483870967741931,
      0.03870967741935489,
      0.0032258064516129
    ],
    "results": [
      0.13225806451612904,
      0.02258064516129032,
      0.03870967741935485,
      0.032258064516129024,
      0.03870967741935485,
      0.05967741935483872,
      0.046774193548387105,
      0.03387096774193545,
      0.07580645161290325,
      0.024193548387096777,
      0.0677419354838709,
      0.05967741935483879,
      0.0709677419354838,
      0.035483870967741984,
      0.05322580645161286,
      0.05322580645161286,
      0.05806451612903233,
      0.05483870967741931,
      0.03870967741935489,
      0.0032258064516129
    ],
    "discussion": [
      0.13225806451612904,
      0.02258064516129032,
      0.03870967741935485,
      0.032258064516129024,
      0.03870967741935485,
      0.05967741935483872,
      0.046774193548387105,
      0.03387096774193545,
      0.07580645161290325,
      0.024193548387096777,
      0.0677419354838709,
      0.05967741935483879,
      0.0709677419354838,
      0.035483870967741984,
      0.05322580645161286,
      0.05322580645161286,
      0.05806451612903233,
      0.05483870967741931,
      0.03870967741935489,
      0.0032258064516129
    ]
  },
  "BIO": {
    "abstract": [
      0.117987519,
      0.037216672,
      0.054903482,
      0.036505319,
      0.040870437,
      0.050861707,
      0.046916933,
      0.032334206,
      0.054450804,
      0.018721505,
      0.066220455,
      0.041517121,
      0.055162156,
      0.045623565,
      0.046302584,
      0.060044621,
      0.069744883,
      0.059753613,
      0.057457885,
      0.007404533
    ],
    "introduction": [
      0.117987519,
      0.037216672,
      0.054903482,
      0.036505319,
      0.040870437,
      0.050861707,
      0.046916933,
      0.032334206,
      0.054450804,
      0.018721505,
      0.066220455,
      0.041517121,
      0.055162156,
      0.045623565,
      0.046302584,
      0.060044621,
      0.069744883,
      0.059753613,
      0.057457885,
      0.007404533
    ],
    "methods": [
      0.117987519,
      0.037216672,
      0.054903482,
      0.036505319,
      0.040870437,
      0.050861707,
      0.046916933,
      0.032334206,
      0.054450804,
      0.018721505,
      0.066220455,
      0.041517121,
      0.055162156,
      0.045623565,
      0.046302584,
      0.060044621,
      0.069744883,
      0.059753613,
      0.057457885,
      0.007404533
    ],
    "results": [
      0.117987519,
      0.037216672,
      0.054903482,
      0.036505319,
      0.040870437,
      0.050861707,
      0.046916933,
      0.032334206,
      0.054450804,
      0.018721505,
      0.066220455,
      0.041517121,
      0.055162156,
      0.045623565,
      0.046302584,
      0.060044621,
      0.069744883,
      0.059753613,
      0.057457885,
      0.007404533
    ],
    "discussion": [
      0.117987519,
      0.037216672,
      0.054903482,
      0.036505319,
      0.040870437,
      0.050861707,
      0.046916933,
      0.032334206,
      0.054450804,
      0.018721505,
      0.066220455,
      0.041517121,
      0.055162156,
      0.045623565,
      0.046302584,
      0.060044621,
      0.069744883,
      0.059753613,
      0.057457885,
      0.007404533
    ]
  },
  "CS": {
    "abstract": [
      0.1486755074777622,
      0.015020690104590922,
      0.05043823922322506,
      0.031149196832947756,
      0.04304193411749374,
      0.06066925157212213,
      0.05542341403017172,
      0.029357140529796988,
      0.07024860708350984,
      0.010850086344530973,
      0.07914372291551261,
      0.04330259685249753,
      0.06109282851650315,
      0.05024274217197231,
      0.04102179792121465,
      0.053663940568896375,
      0.06689257437033667,
      0.05972434915773349,
      0.026783096021635044,
      0.003258284187546835
    ],
    "introduction": [
      0.1486755074777622,
      0.015020690104590922,
      0.05043823922322506,
      0.031149196832947756,
      0.04304193411749374,
      0.06066925157212213,
      0.05542341403017172,
      0.029357140529796988,
      0.07024860708350984,
      0.010850086344530973,
      0.07914372291551261,
      0.04330259685249753,
      0.06109282851650315,
      0.05024274217197231,
      0.04102179792121465,
      0.053663940568896375,
      0.06689257437033667,
      0.05972434915773349,
      0.026783096021635044,
      0.003258284187546835
    ],
    "methods": [
      0.1486755074777622,
      0.015020690104590922,
      0.05043823922322506,
      0.031149196832947756,
      0.04304193411749374,
      0.06066925157212213,
      0.05542341403017172,
      0.029357140529796988,
      0.07024860708350984,
      0.010850086344530973,
      0.07914372291551261,
      0.04330259685249753,
      0.06109282851650315,
      0.05024274217197231,
      0.04102179792121465,
      0.053663940568896375,
      0.06689257437033667,
      0.05972434915773349,
      0.026783096021635044,
      0.003258284187546835
    ],
    "results": [
      0.1486755074777622,
      0.015020690104590922,
      0.05043823922322506,
      0.031149196832947756,
      0.04304193411749374,
      0.06066925157212213,
      0.05542341403017172,
      0.029357140529796988,
      0.07024860708350984,
      0.010850086344530973,
      0.07914372291551261,
      0.04330259685249753,
      0.06109282851650315,
      0.05024274217197231,
      0.04102179792121465,
      0.053663940568896375,
      0.06689257437033667,
      0.05972434915773349,
      0.026783096021635044,
      0.003258284187546835
    ],
    "discussion": [
      0.1486755074777622,
      0.015020690104590922,
      0.05043823922322506,
      0.031149196832947756,
      0.04304193411749374,
      0.06066925157212213,
      0.05542341403017172,
      0.029357140529796988,
      0.07024860708350984,
      0.010850086344530973,
      0.07914372291551261,
      0.04330259685249753,
      0.06109282851650315,
      0.05024274217197231,
      0.04102179792121465,
      0.053663940568896375,
      0.06689257437033667,
      0.05972434915773349,
      0.026783096021635044,
      0.003258284187546835
    ]
  }
}
