{
  "AI": {
    "abstract": 0.15668435683598686,
    "introduction": 0.4938084407379328,
    "methods": 0.056355825120040434,
    "results": 0.11119535001263584,
    "discussion": 0.1819560272934041
  },
  "BIO": {
    "abstract": 0.19166460089241447,
    "introduction": 0.26944719881011403,
    "methods": 0.03720872583044125,
    "results": 0.18780366881507188,
    "discussion": 0.31387580565195833
  },
  "CS": {
    "abstract": 0.1515141043236145,
    "introduction": 0.5287615643605414,
    "methods": 0.060169232136333566,
    "results": 0.10113446747168768,
    "discussion": 0.15842063170782278
  }
}
